"HGMDaccession","HGMD.codonchange","Consequence","HGVS.nucleotide.","HGVS.protein.","Variantclass","Reported.phenotype","Reference","Extrainformation"
NA,"TCA-TGA","Ser112Term","c.335C>G","p.S112*","DM","Intellectual disability","Hamdan (2014) PLoS Genet 10, e1004772","hg38  hg19   dbSNP"
NA,"CGA-TGA","Arg121Term","c.361C>T","p.R121*","DM","Epileptic encephalopathy","Carvill (2013) Nat Genet 45, 825","hg38  hg19  CpG  dbSNP"
NA,"CCC-CTC","Pro218Leu","c.653C>T","p.P218L","DM?","Eyelid myoclonia with absences","Galizia (2015) Brain 138, 1198","hg38  hg19 COM"
NA,"CGA-TGA","Arg466Term","c.1396C>T","p.R466*","DM","Dravet syndrome-like myoclonic epileptic encephalopathy","Suls (2013) Am J Hum Genet 93, 967","hg38  hg19  CpG  dbSNP"
NA,"CTG-CCG","Leu823Pro","c.2468T>C","p.L823P","DM","Epileptic encephalopathy","Carvill (2013) Nat Genet 45, 825","hg38  hg19   dbSNP"
NA,"GAT-GGT","Asp856Gly","c.2567A>G","p.D856G","DM?","Autism","Neale (2012) Nature 4855, 242Uddin (2014) Nat Genet 46: 742 [Additional report]","hg38  hg19   dbSNP"
NA,"CAA-TAA","Gln906Term","c.2716C>T","p.Q906*","DM?","Autism spectrum disorder","Yuen (2017) Nat Neurosci 20, 602","hg38  hg19 COM"
NA,"CGG-CAG","Arg1000Gln","c.2999G>A","p.R1000Q","DM?","Autism spectrum disorder","Wang (2016) Nat Commun 7, 13316","hg38  hg19 COM CpG"
NA,"GGT-GAT","Gly1174Asp","c.3521G>A","p.G1174D","DM?","Autism spectrum disorder","Wang (2016) Nat Commun 7, 13316","hg38  hg19 COM"
NA,"CGA-GGA","Arg1313Gly","c.3937C>G","p.R1313G","DM","Epilepsy, photosensitive","Galizia (2015) Brain 138, 1198","hg38  hg19"
NA,"CGG-CAG","Arg1345Gln","c.4034G>A","p.R1345Q","DM","Epilepsy, juvenile myoclonic","Galizia (2015) Brain 138, 1198","hg38  hg19  CpG"
NA,"AGT-GGT","Ser1406Gly","c.4216A>G","p.S1406G","DM?","Autism spectrum disorder","Yuen (2017) Nat Neurosci 20, 602","hg38  hg19 COM"
NA,"GTG-ATG","Val1479Met","c.4435G>A","p.V1479M","DM","Photoparoxysmal response with febrile seizures","Galizia (2015) Brain 138, 1198","hg38  hg19  CpG  dbSNP"
NA,"TGG-TGT","Trp1534Cys","c.4602G>T","p.W1534C","DM?","Epileptic encephalopathy, early onset","Helbig (2016) Genet Med Epub, Epub","hg38  hg19 COM"
NA,"CGA-TGA","Arg1637Term","c.4909C>T","p.R1637*","DM","Epilepsy, idiopathic photosensitive occipital","Galizia (2015) Brain 138, 1198O'Roak (2014) Nat Commun 5: 5595 [Additional phenotype]","hg38  hg19  CpG  dbSNP"
NA,"CAG-TAG","Gln1641Term","c.4921C>T","p.Q1641*","DM?","Autism","O'Roak (2014) Nat Commun 5, 5595","hg38  hg19   dbSNP"
NA,"TGG-TGA","Trp1657Term","c.4971G>A","p.W1657*","DM","Dravet syndrome-like myoclonic epileptic encephalopathy","Suls (2013) Am J Hum Genet 93, 967","hg38  hg19   dbSNP"
NA,"CGA-TGA","Arg1679Term","c.5035C>T","p.R1679*","DM?","Epilepsy","Helbig (2016) Genet Med Epub, EpubFarwell (2015) Genet Med 17: 578 [Additional phenotype]Wang (2017) Sci Rep 7: 40319 [Additional phenotype]","hg38  hg19 COM CpG  dbSNP"
NA,"CGT-CAT","Arg1685His","c.5054G>A","p.R1685H","DM?","Autism spectrum disorder","Wang (2016) Nat Commun 7, 13316","hg38  hg19 COM CpG"
